country,sex,n,mean_proportion,sd_proportion,mean_percent,sd_percent
Austria,F,34,1.888398618688522e-4,8.940904622228487e-5,0.018883986186885218,0.008940904622228487
Austria,M,25,2.585005980388887e-5,1.796508600596871e-5,0.002585005980388887,0.001796508600596871
USA,F,34,7.244441176470588e-5,4.959434621926396e-5,0.007244441176470588,0.004959434621926396
USA,M,34,1.6564117647058825e-5,1.4458234754912647e-5,0.0016564117647058826,0.0014458234754912648
